{
    "model": "efficientnet_model",
    "roc_auc": 0.1483742564515408,
    "confusion_matrix": [
        [
            76,
            11
        ],
        [
            510,
            4
        ]
    ],
    "classification_report": {
        "0": {
            "precision": 0.1296928327645051,
            "recall": 0.8735632183908046,
            "f1-score": 0.22585438335809807,
            "support": 87.0
        },
        "1": {
            "precision": 0.26666666666666666,
            "recall": 0.007782101167315175,
            "f1-score": 0.015122873345935728,
            "support": 514.0
        },
        "accuracy": 0.13311148086522462,
        "macro avg": {
            "precision": 0.19817974971558588,
            "recall": 0.4406726597790599,
            "f1-score": 0.1204886283520169,
            "support": 601.0
        },
        "weighted avg": {
            "precision": 0.24683850768249352,
            "recall": 0.13311148086522462,
            "f1-score": 0.0456281002528544,
            "support": 601.0
        }
    }
}