{
    "model": "resnet_model",
    "roc_auc": 0.3026186323180822,
    "confusion_matrix": [
        [
            0,
            87
        ],
        [
            0,
            514
        ]
    ],
    "classification_report": {
        "0": {
            "precision": 0.0,
            "recall": 0.0,
            "f1-score": 0.0,
            "support": 87.0
        },
        "1": {
            "precision": 0.8552412645590682,
            "recall": 1.0,
            "f1-score": 0.9219730941704036,
            "support": 514.0
        },
        "accuracy": 0.8552412645590682,
        "macro avg": {
            "precision": 0.4276206322795341,
            "recall": 0.5,
            "f1-score": 0.4609865470852018,
            "support": 601.0
        },
        "weighted avg": {
            "precision": 0.731437620604594,
            "recall": 0.8552412645590682,
            "f1-score": 0.7885094349477328,
            "support": 601.0
        }
    }
}